<?xml version="1.0" encoding="UTF-8"?>
<problemStructure>
	<task>
		<provided>
			<instance name="inst507612613"/>
			<instance name="inst211649568"/>
			<instance name="inst1610541870"/>
			<instance name="inst1318470020"/>
			<instance name="inst511297711"/>
		</provided>
		<wanted>
			<instance name="inst1509977643"/>
			<instance name="inst1592715767"/>
			<instance name="inst1684683524"/>
			<instance name="inst2088374857"/>
		</wanted>
	</task>
	<solutions>
		<solution>
			<parallel>
				<sequence>
					<parallel>
						<serviceDesc>
							<abstraction>
								<input>
									<concept name="con2019760850"/>
									<concept name="con281081801"/>
									<concept name="con1129431795"/>
									<concept name="con1874338062"/>
									<concept name="con813604537"/>
								</input>
								<output>
									<concept name="con1081708454"/>
								</output>
							</abstraction>
							<realizations>
								<service name="serv421174633"/>
								<service name="serv1875974476"/>
								<service name="serv1183290652"/>
								<service name="serv490606866"/>
								<service name="serv1945406709"/>
							</realizations>
						</serviceDesc>
						<serviceDesc>
							<abstraction>
								<input>
									<concept name="con2019760850"/>
									<concept name="con281081801"/>
									<concept name="con1129431795"/>
									<concept name="con1874338062"/>
									<concept name="con813604537"/>
								</input>
								<output>
									<concept name="con1871881330"/>
									<concept name="con1822313310"/>
								</output>
							</abstraction>
							<realizations>
								<service name="serv1252722885"/>
							</realizations>
						</serviceDesc>
					</parallel>
					<serviceDesc>
						<abstraction>
							<input>
								<concept name="con1871881330"/>
								<concept name="con1822313310"/>
								<concept name="con1081708454"/>
							</input>
							<output>
								<concept name="con698499739"/>
								<concept name="con1311920142"/>
								<concept name="con1501578902"/>
							</output>
						</abstraction>
						<realizations>
							<service name="serv560039099"/>
							<service name="serv2014838942"/>
						</realizations>
					</serviceDesc>
					<serviceDesc>
						<abstraction>
							<input>
								<concept name="con698499739"/>
								<concept name="con1311920142"/>
								<concept name="con1501578902"/>
							</input>
							<output>
								<concept name="con110883428"/>
								<concept name="con452718859"/>
								<concept name="con1326666886"/>
								<concept name="con2124620098"/>
								<concept name="con214930840"/>
							</output>
						</abstraction>
						<realizations>
							<service name="serv1322155118"/>
							<service name="serv629471332"/>
						</realizations>
					</serviceDesc>
					<parallel>
						<serviceDesc>
							<abstraction>
								<input>
									<concept name="con110883428"/>
									<concept name="con452718859"/>
									<concept name="con1326666886"/>
									<concept name="con2124620098"/>
									<concept name="con214930840"/>
								</input>
								<output>
									<concept name="con1857546856"/>
									<concept name="con1307818552"/>
								</output>
							</abstraction>
							<realizations>
								<service name="serv2084271175"/>
							</realizations>
						</serviceDesc>
						<serviceDesc>
							<abstraction>
								<input>
									<concept name="con110883428"/>
									<concept name="con452718859"/>
									<concept name="con1326666886"/>
									<concept name="con2124620098"/>
									<concept name="con214930840"/>
								</input>
								<output>
									<concept name="con1840547423"/>
								</output>
							</abstraction>
							<realizations>
								<service name="serv1391587351"/>
								<service name="serv698903565"/>
							</realizations>
						</serviceDesc>
					</parallel>
					<parallel>
						<serviceDesc>
							<abstraction>
								<input>
									<concept name="con1840547423"/>
									<concept name="con1857546856"/>
									<concept name="con1307818552"/>
								</input>
								<output>
									<concept name="con1344480285"/>
								</output>
							</abstraction>
							<realizations>
								<service name="serv6219741"/>
							</realizations>
						</serviceDesc>
						<serviceDesc>
							<abstraction>
								<input>
									<concept name="con1840547423"/>
									<concept name="con1857546856"/>
									<concept name="con1307818552"/>
								</input>
								<output>
									<concept name="con1157896700"/>
									<concept name="con896553018"/>
								</output>
							</abstraction>
							<realizations>
								<service name="serv1461019584"/>
							</realizations>
						</serviceDesc>
						<serviceDesc>
							<abstraction>
								<input>
									<concept name="con1840547423"/>
									<concept name="con1857546856"/>
									<concept name="con1307818552"/>
								</input>
								<output>
									<concept name="con945910681"/>
								</output>
							</abstraction>
							<realizations>
								<service name="serv768335798"/>
							</realizations>
						</serviceDesc>
					</parallel>
					<parallel>
						<serviceDesc>
							<abstraction>
								<input>
									<concept name="con945910681"/>
									<concept name="con1157896700"/>
									<concept name="con896553018"/>
									<concept name="con1344480285"/>
								</input>
								<output>
									<concept name="con1841161606"/>
									<concept name="con434692973"/>
								</output>
							</abstraction>
							<realizations>
								<service name="serv75651974"/>
								<service name="serv1530451817"/>
								<service name="serv837768031"/>
								<service name="serv145084207"/>
							</realizations>
						</serviceDesc>
						<serviceDesc>
							<abstraction>
								<input>
									<concept name="con945910681"/>
									<concept name="con1157896700"/>
									<concept name="con896553018"/>
									<concept name="con1344480285"/>
								</input>
								<output>
									<concept name="con1786476117"/>
								</output>
							</abstraction>
							<realizations>
								<service name="serv1599884050"/>
								<service name="serv907200264"/>
								<service name="serv214516440"/>
							</realizations>
						</serviceDesc>
					</parallel>
					<parallel>
						<sequence>
							<serviceDesc>
								<abstraction>
									<input>
										<concept name="con1786476117"/>
										<concept name="con1841161606"/>
										<concept name="con434692973"/>
									</input>
									<output>
										<concept name="con1652114937"/>
										<concept name="con964960890"/>
										<concept name="con705255752"/>
									</output>
								</abstraction>
								<realizations>
									<service name="serv1669316283"/>
								</realizations>
							</serviceDesc>
							<serviceDesc>
								<abstraction>
									<input>
										<concept name="con1652114937"/>
										<concept name="con964960890"/>
										<concept name="con705255752"/>
									</input>
									<output>
										<concept name="con424047857"/>
										<concept name="con1733429134"/>
										<concept name="con1277098866"/>
										<concept name="con2134451248"/>
										<concept name="con409505156"/>
										<concept name="con295216454"/>
									</output>
								</abstraction>
								<realizations>
									<service name="serv976632497"/>
								</realizations>
							</serviceDesc>
						</sequence>
					</parallel>
					<parallel>
						<serviceDesc>
							<abstraction>
								<input>
									<concept name="con424047857"/>
									<concept name="con1733429134"/>
									<concept name="con1277098866"/>
									<concept name="con2134451248"/>
									<concept name="con409505156"/>
									<concept name="con295216454"/>
									<concept name="con705255752"/>
								</input>
								<output>
									<concept name="con769570478"/>
									<concept name="con490407045"/>
								</output>
							</abstraction>
							<realizations>
								<service name="serv283948673"/>
								<service name="serv1738748516"/>
								<service name="serv1046064730"/>
								<service name="serv353380906"/>
								<service name="serv1808180749"/>
							</realizations>
						</serviceDesc>
						<serviceDesc>
							<abstraction>
								<input>
									<concept name="con424047857"/>
									<concept name="con1733429134"/>
									<concept name="con1277098866"/>
									<concept name="con2134451248"/>
									<concept name="con409505156"/>
									<concept name="con295216454"/>
									<concept name="con705255752"/>
								</input>
								<output>
									<concept name="con2114178987"/>
								</output>
							</abstraction>
							<realizations>
								<service name="serv1115496963"/>
								<service name="serv422813139"/>
								<service name="serv1877612982"/>
								<service name="serv1184929196"/>
							</realizations>
						</serviceDesc>
					</parallel>
					<serviceDesc>
						<abstraction>
							<input>
								<concept name="con2114178987"/>
								<concept name="con769570478"/>
								<concept name="con490407045"/>
							</input>
							<output>
								<concept name="con1083136603"/>
								<concept name="con2078539485"/>
								<concept name="con111497611"/>
							</output>
						</abstraction>
						<realizations>
							<service name="serv492245372"/>
							<service name="serv1947045215"/>
							<service name="serv1254361429"/>
							<service name="serv561677605"/>
							<service name="serv2016477448"/>
						</realizations>
					</serviceDesc>
					<parallel>
						<serviceDesc>
							<abstraction>
								<input>
									<concept name="con1083136603"/>
									<concept name="con2078539485"/>
									<concept name="con111497611"/>
								</input>
								<output>
									<concept name="con1534963585"/>
								</output>
							</abstraction>
							<realizations>
								<service name="serv1323793662"/>
							</realizations>
						</serviceDesc>
						<sequence>
							<serviceDesc>
								<abstraction>
									<input>
										<concept name="con1083136603"/>
										<concept name="con2078539485"/>
										<concept name="con111497611"/>
									</input>
									<output>
										<concept name="con212676021"/>
										<concept name="con1063884481"/>
										<concept name="con1325230255"/>
										<concept name="con563526506"/>
										<concept name="con1362714436"/>
										<concept name="con1503007051"/>
									</output>
								</abstraction>
								<realizations>
									<service name="serv631109838"/>
									<service name="serv2085909681"/>
									<service name="serv1393225895"/>
									<service name="serv700542071"/>
								</realizations>
							</serviceDesc>
							<serviceDesc>
								<abstraction>
									<input>
										<concept name="con212676021"/>
										<concept name="con1063884481"/>
										<concept name="con1325230255"/>
										<concept name="con563526506"/>
										<concept name="con1362714436"/>
										<concept name="con1503007051"/>
									</input>
									<output>
										<concept name="con1738344690"/>
										<concept name="con470330383"/>
										<concept name="con1538444640"/>
										<concept name="con1027637110"/>
									</output>
								</abstraction>
								<realizations>
									<service name="serv7858285"/>
								</realizations>
							</serviceDesc>
						</sequence>
					</parallel>
					<parallel>
						<sequence>
							<serviceDesc>
								<abstraction>
									<input>
										<concept name="con1738344690"/>
										<concept name="con470330383"/>
										<concept name="con1538444640"/>
										<concept name="con1027637110"/>
										<concept name="con1534963585"/>
									</input>
									<output>
										<concept name="con621076775"/>
										<concept name="con2092059955"/>
										<concept name="con20762442"/>
										<concept name="con1559743354"/>
										<concept name="con1999688372"/>
									</output>
								</abstraction>
								<realizations>
									<service name="serv1462658128"/>
									<service name="serv769974304"/>
								</realizations>
							</serviceDesc>
							<serviceDesc>
								<abstraction>
									<input>
										<concept name="con621076775"/>
										<concept name="con2092059955"/>
										<concept name="con20762442"/>
										<concept name="con1559743354"/>
										<concept name="con1999688372"/>
									</input>
									<output>
										<concept name="con352977080"/>
										<concept name="con1854269806"/>
									</output>
								</abstraction>
								<realizations>
									<service name="serv77290518"/>
									<service name="serv1532090361"/>
								</realizations>
							</serviceDesc>
						</sequence>
					</parallel>
					<parallel>
						<sequence>
							<serviceDesc>
								<abstraction>
									<input>
										<concept name="con352977080"/>
										<concept name="con1854269806"/>
										<concept name="con1999688372"/>
									</input>
									<output>
										<concept name="con1725236490"/>
										<concept name="con262244041"/>
										<concept name="con2121343048"/>
										<concept name="con250774347"/>
										<concept name="con1674646239"/>
									</output>
								</abstraction>
								<realizations>
									<service name="serv839406537"/>
								</realizations>
							</serviceDesc>
							<serviceDesc>
								<abstraction>
									<input>
										<concept name="con1725236490"/>
										<concept name="con262244041"/>
										<concept name="con2121343048"/>
										<concept name="con250774347"/>
										<concept name="con1674646239"/>
									</input>
									<output>
										<concept name="con1253957603"/>
										<concept name="con503100883"/>
									</output>
								</abstraction>
								<realizations>
									<service name="serv146722751"/>
								</realizations>
							</serviceDesc>
						</sequence>
					</parallel>
					<parallel>
						<serviceDesc>
							<abstraction>
								<input>
									<concept name="con1253957603"/>
									<concept name="con503100883"/>
									<concept name="con1674646239"/>
								</input>
								<output>
									<concept name="con4377192"/>
								</output>
							</abstraction>
							<realizations>
								<service name="serv1601522594"/>
								<service name="serv908838770"/>
								<service name="serv216154984"/>
								<service name="serv1670954827"/>
								<service name="serv978271003"/>
								<service name="serv285587217"/>
								<service name="serv1740387060"/>
								<service name="serv1047703236"/>
								<service name="serv355019450"/>
								<service name="serv1809819293"/>
							</realizations>
						</serviceDesc>
						<serviceDesc>
							<abstraction>
								<input>
									<concept name="con1253957603"/>
									<concept name="con503100883"/>
									<concept name="con1674646239"/>
								</input>
								<output>
									<concept name="con774486072"/>
									<concept name="con1239000502"/>
								</output>
							</abstraction>
							<realizations>
								<service name="serv1117135469"/>
							</realizations>
						</serviceDesc>
					</parallel>
					<serviceDesc>
						<abstraction>
							<input>
								<concept name="con774486072"/>
								<concept name="con1239000502"/>
								<concept name="con4377192"/>
							</input>
							<output>
								<concept name="con1513866784"/>
								<concept name="con595472466"/>
								<concept name="con817701905"/>
							</output>
						</abstraction>
						<realizations>
							<service name="serv424451683"/>
						</realizations>
					</serviceDesc>
					<serviceDesc>
						<abstraction>
							<input>
								<concept name="con1513866784"/>
								<concept name="con595472466"/>
								<concept name="con817701905"/>
							</input>
							<output>
								<concept name="con1539879141"/>
								<concept name="con1115093137"/>
								<concept name="con75248148"/>
							</output>
						</abstraction>
						<realizations>
							<service name="serv1879251526"/>
						</realizations>
					</serviceDesc>
					<parallel>
						<serviceDesc>
							<abstraction>
								<input>
									<concept name="con1539879141"/>
									<concept name="con1115093137"/>
									<concept name="con75248148"/>
								</input>
								<output>
									<concept name="con1395691071"/>
								</output>
							</abstraction>
							<realizations>
								<service name="serv1186567702"/>
							</realizations>
						</serviceDesc>
						<serviceDesc>
							<abstraction>
								<input>
									<concept name="con1539879141"/>
									<concept name="con1115093137"/>
									<concept name="con75248148"/>
								</input>
								<output>
									<concept name="con991999738"/>
								</output>
							</abstraction>
							<realizations>
								<service name="serv493883916"/>
							</realizations>
						</serviceDesc>
						<serviceDesc>
							<abstraction>
								<input>
									<concept name="con1539879141"/>
									<concept name="con1115093137"/>
									<concept name="con75248148"/>
								</input>
								<output>
									<concept name="con817293857"/>
									<concept name="con900031981"/>
								</output>
							</abstraction>
							<realizations>
								<service name="serv1948683759"/>
								<service name="serv1255999935"/>
								<service name="serv563316149"/>
							</realizations>
						</serviceDesc>
					</parallel>
				</sequence>
			</parallel>
		</solution>
		<solution>
			<sequence>
				<parallel>
					<serviceDesc>
						<abstraction>
							<input>
								<concept name="con2019760850"/>
								<concept name="con281081801"/>
								<concept name="con1129431795"/>
								<concept name="con1874338062"/>
								<concept name="con813604537"/>
							</input>
							<output>
								<concept name="con1311303867"/>
							</output>
						</abstraction>
						<realizations>
							<service name="serv2018115992"/>
						</realizations>
					</serviceDesc>
					<serviceDesc>
						<abstraction>
							<input>
								<concept name="con2019760850"/>
								<concept name="con281081801"/>
								<concept name="con1129431795"/>
								<concept name="con1874338062"/>
								<concept name="con813604537"/>
							</input>
							<output>
								<concept name="con1526970762"/>
								<concept name="con144064106"/>
							</output>
						</abstraction>
						<realizations>
							<service name="serv1325432168"/>
							<service name="serv632748382"/>
							<service name="serv2087548225"/>
							<service name="serv1394864401"/>
						</realizations>
					</serviceDesc>
				</parallel>
				<parallel>
					<sequence>
						<parallel>
							<sequence>
								<serviceDesc>
									<abstraction>
										<input>
											<concept name="con1526970762"/>
											<concept name="con144064106"/>
											<concept name="con1311303867"/>
										</input>
										<output>
											<concept name="con1402449176"/>
											<concept name="con41038925"/>
											<concept name="con625176273"/>
										</output>
									</abstraction>
									<realizations>
										<service name="serv702180615"/>
										<service name="serv9496791"/>
										<service name="serv1464296634"/>
									</realizations>
								</serviceDesc>
								<serviceDesc>
									<abstraction>
										<input>
											<concept name="con1402449176"/>
											<concept name="con41038925"/>
											<concept name="con625176273"/>
										</input>
										<output>
											<concept name="con1925950544"/>
											<concept name="con1239416994"/>
											<concept name="con147135021"/>
										</output>
									</abstraction>
									<realizations>
										<service name="serv771612848"/>
									</realizations>
								</serviceDesc>
							</sequence>
						</parallel>
						<serviceDesc>
							<abstraction>
								<input>
									<concept name="con1925950544"/>
									<concept name="con1239416994"/>
									<concept name="con147135021"/>
								</input>
								<output>
									<concept name="con306684018"/>
									<concept name="con615345123"/>
									<concept name="con662037789"/>
									<concept name="con82002069"/>
									<concept name="con71767093"/>
								</output>
							</abstraction>
							<realizations>
								<service name="serv78929024"/>
								<service name="serv1533728867"/>
								<service name="serv841045081"/>
							</realizations>
						</serviceDesc>
					</sequence>
				</parallel>
				<parallel>
					<serviceDesc>
						<abstraction>
							<input>
								<concept name="con306684018"/>
								<concept name="con615345123"/>
								<concept name="con662037789"/>
								<concept name="con82002069"/>
								<concept name="con71767093"/>
							</input>
							<output>
								<concept name="con742739895"/>
							</output>
						</abstraction>
						<realizations>
							<service name="serv148361257"/>
						</realizations>
					</serviceDesc>
					<sequence>
						<serviceDesc>
							<abstraction>
								<input>
									<concept name="con306684018"/>
									<concept name="con615345123"/>
									<concept name="con662037789"/>
									<concept name="con82002069"/>
									<concept name="con71767093"/>
								</input>
								<output>
									<concept name="con2122783901"/>
									<concept name="con1909769299"/>
									<concept name="con853133142"/>
								</output>
							</abstraction>
							<realizations>
								<service name="serv1603161100"/>
							</realizations>
						</serviceDesc>
						<serviceDesc>
							<abstraction>
								<input>
									<concept name="con2122783901"/>
									<concept name="con1909769299"/>
									<concept name="con853133142"/>
								</input>
								<output>
									<concept name="con1177357087"/>
									<concept name="con418518080"/>
									<concept name="con1428869619"/>
								</output>
							</abstraction>
							<realizations>
								<service name="serv910477314"/>
								<service name="serv217793490"/>
							</realizations>
						</serviceDesc>
					</sequence>
				</parallel>
				<parallel>
					<sequence>
						<serviceDesc>
							<abstraction>
								<input>
									<concept name="con1177357087"/>
									<concept name="con418518080"/>
									<concept name="con1428869619"/>
									<concept name="con742739895"/>
								</input>
								<output>
									<concept name="con35105360"/>
									<concept name="con1977363205"/>
									<concept name="con2101891105"/>
								</output>
							</abstraction>
							<realizations>
								<service name="serv1672593333"/>
							</realizations>
						</serviceDesc>
						<serviceDesc>
							<abstraction>
								<input>
									<concept name="con35105360"/>
									<concept name="con1977363205"/>
									<concept name="con2101891105"/>
								</input>
								<output>
									<concept name="con420362759"/>
									<concept name="con1923087856"/>
								</output>
							</abstraction>
							<realizations>
								<service name="serv979909547"/>
							</realizations>
						</serviceDesc>
					</sequence>
					<serviceDesc>
						<abstraction>
							<input>
								<concept name="con1177357087"/>
								<concept name="con418518080"/>
								<concept name="con1428869619"/>
								<concept name="con742739895"/>
							</input>
							<output>
								<concept name="con795993013"/>
							</output>
						</abstraction>
						<realizations>
							<service name="serv287225723"/>
						</realizations>
					</serviceDesc>
				</parallel>
				<parallel>
					<sequence>
						<serviceDesc>
							<abstraction>
								<input>
									<concept name="con795993013"/>
									<concept name="con420362759"/>
									<concept name="con1923087856"/>
									<concept name="con2101891105"/>
								</input>
								<output>
									<concept name="con496553097"/>
									<concept name="con2108032935"/>
									<concept name="con1741417735"/>
								</output>
							</abstraction>
							<realizations>
								<service name="serv1742025566"/>
							</realizations>
						</serviceDesc>
						<serviceDesc>
							<abstraction>
								<input>
									<concept name="con496553097"/>
									<concept name="con2108032935"/>
									<concept name="con1741417735"/>
								</input>
								<output>
									<concept name="con1207254363"/>
									<concept name="con2139985247"/>
									<concept name="con15239017"/>
								</output>
							</abstraction>
							<realizations>
								<service name="serv1049341780"/>
							</realizations>
						</serviceDesc>
					</sequence>
				</parallel>
				<parallel>
					<serviceDesc>
						<abstraction>
							<input>
								<concept name="con1207254363"/>
								<concept name="con2139985247"/>
								<concept name="con15239017"/>
							</input>
							<output>
								<concept name="con352360805"/>
								<concept name="con1390567250"/>
							</output>
						</abstraction>
						<realizations>
							<service name="serv356657956"/>
						</realizations>
					</serviceDesc>
					<serviceDesc>
						<abstraction>
							<input>
								<concept name="con1207254363"/>
								<concept name="con2139985247"/>
								<concept name="con15239017"/>
							</input>
							<output>
								<concept name="con372023105"/>
							</output>
						</abstraction>
						<realizations>
							<service name="serv1811457799"/>
						</realizations>
					</serviceDesc>
				</parallel>
				<parallel>
					<sequence>
						<serviceDesc>
							<abstraction>
								<input>
									<concept name="con372023105"/>
									<concept name="con352360805"/>
									<concept name="con1390567250"/>
								</input>
								<output>
									<concept name="con1944182565"/>
									<concept name="con1084985504"/>
									<concept name="con1132912888"/>
									<concept name="con1320112786"/>
								</output>
							</abstraction>
							<realizations>
								<service name="serv1118774013"/>
								<service name="serv426090189"/>
							</realizations>
						</serviceDesc>
						<serviceDesc>
							<abstraction>
								<input>
									<concept name="con1944182565"/>
									<concept name="con1084985504"/>
									<concept name="con1132912888"/>
									<concept name="con1320112786"/>
								</input>
								<output>
									<concept name="con38376058"/>
									<concept name="con1432146669"/>
									<concept name="con1395691071"/>
								</output>
							</abstraction>
							<realizations>
								<service name="serv1880890032"/>
								<service name="serv1188206246"/>
							</realizations>
						</serviceDesc>
					</sequence>
				</parallel>
				<parallel>
					<sequence>
						<serviceDesc>
							<abstraction>
								<input>
									<concept name="con38376058"/>
									<concept name="con1432146669"/>
									<concept name="con1395691071"/>
								</input>
								<output>
									<concept name="con1285089559"/>
									<concept name="con2057036766"/>
									<concept name="con653441357"/>
								</output>
							</abstraction>
							<realizations>
								<service name="serv495522422"/>
							</realizations>
						</serviceDesc>
						<serviceDesc>
							<abstraction>
								<input>
									<concept name="con1285089559"/>
									<concept name="con2057036766"/>
									<concept name="con653441357"/>
								</input>
								<output>
									<concept name="con1549094016"/>
									<concept name="con1312944503"/>
									<concept name="con1093178110"/>
								</output>
							</abstraction>
							<realizations>
								<service name="serv1950322265"/>
							</realizations>
						</serviceDesc>
					</sequence>
				</parallel>
				<parallel>
					<serviceDesc>
						<abstraction>
							<input>
								<concept name="con1549094016"/>
								<concept name="con1312944503"/>
								<concept name="con1093178110"/>
							</input>
							<output>
								<concept name="con1787500440"/>
							</output>
						</abstraction>
						<realizations>
							<service name="serv1257638479"/>
						</realizations>
					</serviceDesc>
					<serviceDesc>
						<abstraction>
							<input>
								<concept name="con1549094016"/>
								<concept name="con1312944503"/>
								<concept name="con1093178110"/>
							</input>
							<output>
								<concept name="con1158921023"/>
								<concept name="con1811872199"/>
							</output>
						</abstraction>
						<realizations>
							<service name="serv564954655"/>
							<service name="serv2019754498"/>
						</realizations>
					</serviceDesc>
				</parallel>
				<serviceDesc>
					<abstraction>
						<input>
							<concept name="con1158921023"/>
							<concept name="con1811872199"/>
							<concept name="con1787500440"/>
						</input>
						<output>
							<concept name="con2096563279"/>
							<concept name="con937928394"/>
							<concept name="con2052937268"/>
							<concept name="con1928003450"/>
							<concept name="con991999738"/>
						</output>
					</abstraction>
					<realizations>
						<service name="serv1327070712"/>
					</realizations>
				</serviceDesc>
				<serviceDesc>
					<abstraction>
						<input>
							<concept name="con2096563279"/>
							<concept name="con937928394"/>
							<concept name="con2052937268"/>
							<concept name="con1928003450"/>
							<concept name="con991999738"/>
						</input>
						<output>
							<concept name="con420154494"/>
							<concept name="con1893182136"/>
							<concept name="con1075154354"/>
							<concept name="con1668296182"/>
						</output>
					</abstraction>
					<realizations>
						<service name="serv634386888"/>
					</realizations>
				</serviceDesc>
				<parallel>
					<serviceDesc>
						<abstraction>
							<input>
								<concept name="con420154494"/>
								<concept name="con1893182136"/>
								<concept name="con1075154354"/>
								<concept name="con1668296182"/>
							</input>
							<output>
								<concept name="con690307095"/>
								<concept name="con461319551"/>
							</output>
						</abstraction>
						<realizations>
							<service name="serv2089186731"/>
						</realizations>
					</serviceDesc>
					<serviceDesc>
						<abstraction>
							<input>
								<concept name="con420154494"/>
								<concept name="con1893182136"/>
								<concept name="con1075154354"/>
								<concept name="con1668296182"/>
							</input>
							<output>
								<concept name="con1007764453"/>
							</output>
						</abstraction>
						<realizations>
							<service name="serv1396502945"/>
							<service name="serv703819121"/>
						</realizations>
					</serviceDesc>
				</parallel>
				<parallel>
					<serviceDesc>
						<abstraction>
							<input>
								<concept name="con1007764453"/>
								<concept name="con690307095"/>
								<concept name="con461319551"/>
							</input>
							<output>
								<concept name="con873201398"/>
								<concept name="con734547289"/>
							</output>
						</abstraction>
						<realizations>
							<service name="serv11135335"/>
							<service name="serv1465935178"/>
						</realizations>
					</serviceDesc>
					<serviceDesc>
						<abstraction>
							<input>
								<concept name="con1007764453"/>
								<concept name="con690307095"/>
								<concept name="con461319551"/>
							</input>
							<output>
								<concept name="con154097169"/>
							</output>
						</abstraction>
						<realizations>
							<service name="serv773251354"/>
							<service name="serv80567568"/>
							<service name="serv1535367411"/>
							<service name="serv842683587"/>
							<service name="serv149999801"/>
							<service name="serv1604799644"/>
							<service name="serv912115820"/>
						</realizations>
					</serviceDesc>
				</parallel>
				<serviceDesc>
					<abstraction>
						<input>
							<concept name="con154097169"/>
							<concept name="con873201398"/>
							<concept name="con734547289"/>
						</input>
						<output>
							<concept name="con91017123"/>
							<concept name="con692967870"/>
							<concept name="con1640443368"/>
						</output>
					</abstraction>
					<realizations>
						<service name="serv219432034"/>
					</realizations>
				</serviceDesc>
				<serviceDesc>
					<abstraction>
						<input>
							<concept name="con91017123"/>
							<concept name="con692967870"/>
							<concept name="con1640443368"/>
						</input>
						<output>
							<concept name="con2117866215"/>
							<concept name="con919904638"/>
							<concept name="con1010637677"/>
							<concept name="con587279822"/>
							<concept name="con280267797"/>
							<concept name="con1047299410"/>
						</output>
					</abstraction>
					<realizations>
						<service name="serv1674231877"/>
					</realizations>
				</serviceDesc>
				<serviceDesc>
					<abstraction>
						<input>
							<concept name="con2117866215"/>
							<concept name="con919904638"/>
							<concept name="con1010637677"/>
							<concept name="con587279822"/>
							<concept name="con280267797"/>
							<concept name="con1047299410"/>
						</input>
						<output>
							<concept name="con817293857"/>
							<concept name="con900031981"/>
						</output>
					</abstraction>
					<realizations>
						<service name="serv981548053"/>
						<service name="serv288864267"/>
					</realizations>
				</serviceDesc>
			</sequence>
		</solution>
	</solutions>
</problemStructure>